{"loss": [3.41654634475708], "accuracy": [0.13584183156490326]}