{"loss": [3.434206485748291], "accuracy": [0.12213010340929031]}